First_Name,Surname,Student_ID,Email,Gender,Domestic_International,Academic_Program,Career_Goals,Hobbies_original,Personal_Values,Availability
Name0,Surname0,79255348,email0@example.com,Female,International,Mechanical Engineering,Corporate,Reading,Ambition and achievement,"['Monday morning', 'Thursday afternoon', 'Friday afternoon']"
Name1,Surname1,20552754,email1@example.com,Male,International,Earth & Space Science & Engineering,Non-profit,Learning about marine biology and ocean life,Integrity,"['Tuesday morning', 'Thursday morning', 'Friday afternoon']"
Name2,Surname2,32123970,email2@example.com,Male,International,Mechanical Engineering,Entrepreneurship,Swimming is my favorite hobby,Integrity,"['Friday morning', 'Tuesday evening', 'Friday evening']"
Name3,Surname3,69461206,email3@example.com,Other/Prefer not to say,International,Mechanical Engineering,Unsure,Joining a local running club for motivation,Preference for novelty,"['Wednesday afternoon', 'Thursday evening', 'Friday morning']"
Name4,Surname4,37115959,email4@example.com,Other/Prefer not to say,Domestic,Mechanical Engineering,Unsure,Rock climbing,Concern for others,"['Monday morning', 'Friday evening', 'Tuesday afternoon']"
Name5,Surname5,40249822,email5@example.com,Female,Domestic,Electrical Engineering & Computer Science,Non-profit,Attending art exhibitions and gallery openings,Collaboration and teamwork,"['Thursday afternoon', 'Friday morning', 'Thursday evening']"
Name6,Surname6,92901052,email6@example.com,Other/Prefer not to say,Domestic,Electrical Engineering & Computer Science,Corporate,Creating digital art as a hobby,Growth and learning,"['Monday afternoon', 'Tuesday morning', 'Friday afternoon']"
Name7,Surname7,16059905,email7@example.com,Male,International,Electrical Engineering & Computer Science,Research,Knitting scarves and sweaters,Preference for novelty,"['Wednesday afternoon', 'Wednesday morning', 'Thursday evening']"
Name8,Surname8,16850516,email8@example.com,Male,Domestic,Earth & Space Science & Engineering,Entrepreneurship,Listening to music,Concern for others,"['Wednesday afternoon', 'Monday evening', 'Monday afternoon']"
Name9,Surname9,78042665,email9@example.com,Male,Domestic,Civil Engineering,Corporate,Volunteering at local charities,Preference for novelty,"['Thursday afternoon', 'Friday morning', 'Tuesday afternoon']"
Name10,Surname10,97708254,email10@example.com,Female,Domestic,Electrical Engineering & Computer Science,Corporate,Volleyball,Creativity,"['Friday morning', 'Monday afternoon', 'Wednesday morning']"
Name11,Surname11,89616229,email11@example.com,Other/Prefer not to say,Domestic,Electrical Engineering & Computer Science,Research,Practicing mindfulness through meditation,Creativity,"['Tuesday morning', 'Friday afternoon', 'Wednesday evening']"
Name12,Surname12,37724984,email12@example.com,Female,International,Electrical Engineering & Computer Science,Corporate,Learning to play new musical instruments,Concern for others,"['Monday afternoon', 'Thursday evening', 'Wednesday evening']"
Name13,Surname13,10861599,email13@example.com,Male,Domestic,Civil Engineering,Non-profit,Exploring new technologies and gadgets,Ambition and achievement,"['Monday evening', 'Wednesday afternoon', 'Thursday evening']"
Name14,Surname14,25917663,email14@example.com,Female,Domestic,Earth & Space Science & Engineering,Research,Stargazing and learning about constellations,Growth and learning,"['Tuesday evening', 'Monday evening', 'Friday evening']"
Name15,Surname15,31866042,email15@example.com,Male,Domestic,Earth & Space Science & Engineering,Corporate,Collecting vintage vinyl records for my collection,Concern for others,"['Wednesday evening', 'Monday evening', 'Tuesday evening']"
Name16,Surname16,24744739,email16@example.com,Male,Domestic,Mechanical Engineering,Corporate,Exploring local farmer’s markets for fresh produce,Preference for novelty,"['Friday afternoon', 'Tuesday evening', 'Wednesday morning']"
Name17,Surname17,59395564,email17@example.com,Male,International,Mechanical Engineering,Entrepreneurship,Traveling to new places,Collaboration and teamwork,"['Thursday evening', 'Friday morning', 'Wednesday evening']"
Name18,Surname18,77180913,email18@example.com,Female,Domestic,Earth & Space Science & Engineering,Research,Making pottery as a relaxing activity,Creativity,"['Wednesday afternoon', 'Wednesday morning', 'Friday morning']"
Name19,Surname19,12370481,email19@example.com,Female,Domestic,Electrical Engineering & Computer Science,Unsure,Going on photography excursions for new shots,Growth and learning,"['Monday evening', 'Monday morning', 'Friday afternoon']"
Name20,Surname20,27732738,email20@example.com,Female,International,Earth & Space Science & Engineering,Non-profit,Swimming is my favorite hobby,Ambition and achievement,"['Monday morning', 'Friday evening', 'Thursday afternoon']"
Name21,Surname21,45147529,email21@example.com,Male,Domestic,Earth & Space Science & Engineering,Entrepreneurship,Watching movies and TV shows,Collaboration and teamwork,"['Tuesday evening', 'Friday morning', 'Thursday afternoon']"
Name22,Surname22,18697211,email22@example.com,Male,Domestic,Earth & Space Science & Engineering,Non-profit,Skiing during the winter months,Ambition and achievement,"['Monday afternoon', 'Tuesday morning', 'Friday afternoon']"
Name23,Surname23,45111568,email23@example.com,Male,Domestic,Mechanical Engineering,Non-profit,Building DIY electronics projects,Integrity,"['Wednesday morning', 'Tuesday evening', 'Friday morning']"
Name24,Surname24,29338839,email24@example.com,Female,International,Earth & Space Science & Engineering,Research,Exploring different types of fitness classes,Growth and learning,"['Wednesday morning', 'Thursday morning', 'Tuesday morning']"
Name25,Surname25,27295447,email25@example.com,Other/Prefer not to say,International,Civil Engineering,Unsure,Traveling and taking photos,Collaboration and teamwork,"['Monday afternoon', 'Tuesday morning', 'Wednesday morning']"
Name26,Surname26,16590069,email26@example.com,Female,Domestic,Earth & Space Science & Engineering,Entrepreneurship,Dancing to my favorite music,Collaboration and teamwork,"['Thursday afternoon', 'Monday evening', 'Monday morning']"
Name27,Surname27,28206655,email27@example.com,Male,Domestic,Mechanical Engineering,Corporate,Writing short stories and poems,Concern for others,"['Friday morning', 'Friday afternoon', 'Tuesday evening']"
Name28,Surname28,98238815,email28@example.com,Other/Prefer not to say,Domestic,Civil Engineering,Non-profit,Cooking and gardening,Ambition and achievement,"['Friday morning', 'Wednesday afternoon', 'Monday morning']"
Name29,Surname29,65286858,email29@example.com,Other/Prefer not to say,International,Civil Engineering,Unsure,Exploring urban art and street murals,Growth and learning,"['Friday afternoon', 'Tuesday morning', 'Monday morning']"
Name30,Surname30,82318993,email30@example.com,Male,Domestic,Mechanical Engineering,Research,Exploring local farmer’s markets for fresh produce,Creativity,"['Monday evening', 'Thursday afternoon', 'Wednesday afternoon']"
Name31,Surname31,63067125,email31@example.com,Female,International,Earth & Space Science & Engineering,Corporate,I travel a lot and spend quality time with my family,Concern for others,"['Thursday afternoon', 'Friday morning', 'Friday afternoon']"
Name32,Surname32,23675008,email32@example.com,Female,International,Civil Engineering,Entrepreneurship,Meditating to clear my mind,Integrity,"['Tuesday evening', 'Monday morning', 'Tuesday afternoon']"
Name33,Surname33,59569372,email33@example.com,Male,Domestic,Mechanical Engineering,Unsure,Sculpting with clay in my free time,Ambition and achievement,"['Thursday afternoon', 'Wednesday evening', 'Friday afternoon']"
Name34,Surname34,21141677,email34@example.com,Other/Prefer not to say,International,Civil Engineering,Unsure,I enjoy playing computer games and going for runs,Growth and learning,"['Friday morning', 'Friday evening', 'Thursday evening']"
Name35,Surname35,71241166,email35@example.com,Female,International,Mechanical Engineering,Corporate,Reading non-fiction books on various topics,Ambition and achievement,"['Tuesday evening', 'Monday evening', 'Friday evening']"
Name36,Surname36,37705626,email36@example.com,Male,International,Civil Engineering,Research,Participating in cooking challenges and competitions,Integrity,"['Thursday evening', 'Friday morning', 'Tuesday evening']"
Name37,Surname37,28299600,email37@example.com,Female,International,Earth & Space Science & Engineering,Corporate,Collecting stamps from different countries,Integrity,"['Thursday afternoon', 'Monday afternoon', 'Wednesday morning']"
Name38,Surname38,75386092,email38@example.com,Other/Prefer not to say,International,Mechanical Engineering,Entrepreneurship,Volunteering at local charities,Ambition and achievement,"['Thursday morning', 'Friday morning', 'Thursday afternoon']"
Name39,Surname39,52199988,email39@example.com,Female,Domestic,Civil Engineering,Corporate,Going to live music concerts,Concern for others,"['Friday afternoon', 'Wednesday evening', 'Thursday afternoon']"
Name40,Surname40,62729400,email40@example.com,Male,Domestic,Electrical Engineering & Computer Science,Entrepreneurship,Experimenting with new recipes in the kitchen,Collaboration and teamwork,"['Friday evening', 'Thursday afternoon', 'Monday afternoon']"
Name41,Surname41,47564563,email41@example.com,Male,Domestic,Civil Engineering,Unsure,Gardening,Growth and learning,"['Friday evening', 'Tuesday morning', 'Wednesday evening']"
Name42,Surname42,91094779,email42@example.com,Male,International,Electrical Engineering & Computer Science,Unsure,I don’t really have any hobbies,Growth and learning,"['Friday evening', 'Wednesday evening', 'Monday afternoon']"
Name43,Surname43,19787615,email43@example.com,Male,Domestic,Earth & Space Science & Engineering,Unsure,Traveling and taking photos,Preference for novelty,"['Wednesday afternoon', 'Monday morning', 'Thursday afternoon']"
Name44,Surname44,50744102,email44@example.com,Other/Prefer not to say,Domestic,Civil Engineering,Unsure,Volunteering,Growth and learning,"['Tuesday morning', 'Wednesday morning', 'Wednesday evening']"
Name45,Surname45,98740111,email45@example.com,Male,Domestic,Mechanical Engineering,Unsure,Rock climbing as an adventurous sport,Growth and learning,"['Wednesday morning', 'Thursday morning', 'Monday afternoon']"
Name46,Surname46,40867470,email46@example.com,Female,Domestic,Civil Engineering,Research,Cooking and gardening,Concern for others,"['Friday afternoon', 'Friday evening', 'Monday morning']"
Name47,Surname47,70471003,email47@example.com,Female,International,Earth & Space Science & Engineering,Research,Cooking and gardening,Creativity,"['Tuesday morning', 'Friday morning', 'Friday evening']"
Name48,Surname48,43463487,email48@example.com,Other/Prefer not to say,International,Electrical Engineering & Computer Science,Research,Cycling,Collaboration and teamwork,"['Friday afternoon', 'Thursday morning', 'Friday evening']"
Name49,Surname49,11006238,email49@example.com,Male,International,Earth & Space Science & Engineering,Corporate,Exploring new places whenever I can,Concern for others,"['Thursday morning', 'Thursday evening', 'Thursday afternoon']"
Name50,Surname50,96611562,email50@example.com,Female,Domestic,Earth & Space Science & Engineering,Corporate,Knitting scarves and sweaters,Integrity,"['Tuesday morning', 'Tuesday afternoon', 'Tuesday evening']"
Name51,Surname51,35214116,email51@example.com,Female,International,Earth & Space Science & Engineering,Non-profit,I spend a lot of time coding and playing computer games,Integrity,"['Tuesday afternoon', 'Friday evening', 'Monday afternoon']"
Name52,Surname52,54665639,email52@example.com,Male,Domestic,Civil Engineering,Unsure,Studying foreign languages,Concern for others,"['Thursday afternoon', 'Thursday morning', 'Thursday evening']"
Name53,Surname53,99181282,email53@example.com,Female,International,Mechanical Engineering,Non-profit,Taking cooking classes to improve my skills,Collaboration and teamwork,"['Thursday afternoon', 'Wednesday evening', 'Thursday morning']"
Name54,Surname54,12245721,email54@example.com,Male,Domestic,Mechanical Engineering,Research,Volleyball,Integrity,"['Monday evening', 'Friday evening', 'Tuesday evening']"
Name55,Surname55,38877944,email55@example.com,Male,Domestic,Electrical Engineering & Computer Science,Corporate,Playing computer games,Creativity,"['Tuesday morning', 'Wednesday morning', 'Monday afternoon']"
Name56,Surname56,17820013,email56@example.com,Male,International,Earth & Space Science & Engineering,Entrepreneurship,Exploring local music scenes and bands,Growth and learning,"['Monday morning', 'Thursday evening', 'Monday evening']"
Name57,Surname57,55040307,email57@example.com,Male,Domestic,Mechanical Engineering,Corporate,I spend a lot of time coding and playing computer games,Creativity,"['Wednesday evening', 'Tuesday afternoon', 'Wednesday morning']"
Name58,Surname58,72473238,email58@example.com,Male,Domestic,Civil Engineering,Research,Cooking and gardening,Collaboration and teamwork,"['Wednesday afternoon', 'Thursday afternoon', 'Friday afternoon']"
Name59,Surname59,88274035,email59@example.com,Male,International,Electrical Engineering & Computer Science,Unsure,Bird watching in the local park,Creativity,"['Tuesday morning', 'Wednesday evening', 'Monday evening']"
Name60,Surname60,55781329,email60@example.com,Female,Domestic,Civil Engineering,Non-profit,Reading comics and graphic novels,Collaboration and teamwork,"['Friday evening', 'Monday evening', 'Wednesday morning']"
Name61,Surname61,78272774,email61@example.com,Male,Domestic,Earth & Space Science & Engineering,Entrepreneurship,Participating in trivia games and quizzes,Concern for others,"['Wednesday evening', 'Tuesday afternoon', 'Monday evening']"
Name62,Surname62,50780045,email62@example.com,Other/Prefer not to say,International,Mechanical Engineering,Non-profit,Trying out new recipes and cooking techniques,Collaboration and teamwork,"['Monday afternoon', 'Friday morning', 'Tuesday morning']"
Name63,Surname63,48643437,email63@example.com,Female,Domestic,Earth & Space Science & Engineering,Corporate,Binge-watching TV series on streaming platforms,Integrity,"['Monday morning', 'Thursday morning', 'Thursday afternoon']"
Name64,Surname64,80190336,email64@example.com,Female,Domestic,Electrical Engineering & Computer Science,Unsure,Reading graphic novels and manga,Integrity,"['Thursday morning', 'Wednesday morning', 'Wednesday evening']"
Name65,Surname65,46220196,email65@example.com,Female,International,Earth & Space Science & Engineering,Non-profit,I love learning new things,Integrity,"['Monday morning', 'Wednesday afternoon', 'Friday evening']"
Name66,Surname66,48251614,email66@example.com,Other/Prefer not to say,Domestic,Civil Engineering,Entrepreneurship,Trying out new board games with family,Integrity,"['Thursday morning', 'Wednesday morning', 'Tuesday afternoon']"
Name67,Surname67,47137471,email67@example.com,Other/Prefer not to say,International,Electrical Engineering & Computer Science,Corporate,Participating in trivia games and quizzes,Creativity,"['Friday morning', 'Tuesday afternoon', 'Monday evening']"
Name68,Surname68,70472640,email68@example.com,Male,International,Mechanical Engineering,Unsure,Watching Netflix series,Preference for novelty,"['Wednesday afternoon', 'Tuesday evening', 'Monday evening']"
Name69,Surname69,76283919,email69@example.com,Female,International,Electrical Engineering & Computer Science,Research,Drawing,Growth and learning,"['Wednesday evening', 'Friday evening', 'Friday morning']"
Name70,Surname70,47590821,email70@example.com,Other/Prefer not to say,Domestic,Civil Engineering,Unsure,Playing board games,Ambition and achievement,"['Tuesday afternoon', 'Monday evening', 'Thursday afternoon']"
Name71,Surname71,56780525,email71@example.com,Male,International,Electrical Engineering & Computer Science,Corporate,Practicing martial arts for fitness and discipline,Growth and learning,"['Wednesday evening', 'Wednesday afternoon', 'Thursday morning']"
Name72,Surname72,40553646,email72@example.com,Male,Domestic,Earth & Space Science & Engineering,Non-profit,Solving crossword puzzles for fun,Integrity,"['Tuesday morning', 'Monday morning', 'Wednesday afternoon']"
Name73,Surname73,42638247,email73@example.com,Male,International,Electrical Engineering & Computer Science,Entrepreneurship,Collecting stamps from different countries,Concern for others,"['Wednesday morning', 'Wednesday evening', 'Monday evening']"
Name74,Surname74,54338505,email74@example.com,Female,International,Electrical Engineering & Computer Science,Entrepreneurship,Experimenting with new recipes in the kitchen,Ambition and achievement,"['Monday evening', 'Friday afternoon', 'Monday morning']"
Name75,Surname75,50936162,email75@example.com,Other/Prefer not to say,International,Mechanical Engineering,Non-profit,Watching movies and TV shows,Ambition and achievement,"['Friday morning', 'Thursday afternoon', 'Monday morning']"
Name76,Surname76,29999726,email76@example.com,Male,Domestic,Mechanical Engineering,Corporate,Sculpting with clay in my free time,Integrity,"['Tuesday afternoon', 'Wednesday morning', 'Wednesday evening']"
Name77,Surname77,42939822,email77@example.com,Male,International,Earth & Space Science & Engineering,Entrepreneurship,Going to live music concerts,Creativity,"['Tuesday morning', 'Thursday afternoon', 'Wednesday morning']"
Name78,Surname78,37816281,email78@example.com,Other/Prefer not to say,Domestic,Mechanical Engineering,Unsure,Drawing and painting,Collaboration and teamwork,"['Friday evening', 'Wednesday morning', 'Monday morning']"
Name79,Surname79,21578994,email79@example.com,Male,Domestic,Electrical Engineering & Computer Science,Non-profit,Knitting scarves and sweaters,Creativity,"['Friday morning', 'Monday evening', 'Wednesday afternoon']"
Name80,Surname80,28264326,email80@example.com,Female,Domestic,Earth & Space Science & Engineering,Corporate,Creating digital art as a hobby,Concern for others,"['Tuesday afternoon', 'Monday afternoon', 'Tuesday evening']"
Name81,Surname81,65520431,email81@example.com,Male,Domestic,Civil Engineering,Entrepreneurship,Camping,Collaboration and teamwork,"['Tuesday morning', 'Monday morning', 'Monday afternoon']"
Name82,Surname82,87123272,email82@example.com,Male,Domestic,Mechanical Engineering,Unsure,Practicing mindfulness through meditation,Collaboration and teamwork,"['Thursday afternoon', 'Friday afternoon', 'Monday evening']"
Name83,Surname83,97187620,email83@example.com,Male,Domestic,Electrical Engineering & Computer Science,Corporate,Building DIY furniture and home projects,Preference for novelty,"['Monday morning', 'Wednesday morning', 'Tuesday afternoon']"
Name84,Surname84,90106712,email84@example.com,Male,Domestic,Electrical Engineering & Computer Science,Corporate,Participating in local food tours and tastings,Preference for novelty,"['Thursday evening', 'Friday morning', 'Friday afternoon']"
Name85,Surname85,29960837,email85@example.com,Male,International,Earth & Space Science & Engineering,Research,Participating in craft fairs and markets,Ambition and achievement,"['Wednesday evening', 'Monday afternoon', 'Wednesday morning']"
Name86,Surname86,27702812,email86@example.com,Male,Domestic,Earth & Space Science & Engineering,Unsure,Trying out various cuisines and cooking styles,Growth and learning,"['Wednesday afternoon', 'Monday morning', 'Tuesday evening']"
Name87,Surname87,43963363,email87@example.com,Male,Domestic,Civil Engineering,Research,Cooking and gardening,Concern for others,"['Monday afternoon', 'Wednesday evening', 'Monday evening']"
Name88,Surname88,47460721,email88@example.com,Male,International,Earth & Space Science & Engineering,Corporate,Attending workshops to learn new skills,Integrity,"['Wednesday afternoon', 'Monday afternoon', 'Thursday evening']"
Name89,Surname89,59036358,email89@example.com,Female,International,Earth & Space Science & Engineering,Entrepreneurship,Trying out new recipes and cooking techniques,Growth and learning,"['Monday evening', 'Thursday evening', 'Monday morning']"
Name90,Surname90,77116466,email90@example.com,Female,International,Electrical Engineering & Computer Science,Corporate,Cycling around the neighborhood,Integrity,"['Wednesday morning', 'Tuesday morning', 'Friday evening']"
Name91,Surname91,98447789,email91@example.com,Female,International,Mechanical Engineering,Unsure,Collecting stamps from different countries,Integrity,"['Wednesday morning', 'Friday evening', 'Monday morning']"
Name92,Surname92,74954939,email92@example.com,Male,International,Electrical Engineering & Computer Science,Non-profit,Making DIY home decor projects,Preference for novelty,"['Wednesday afternoon', 'Tuesday evening', 'Wednesday evening']"
Name93,Surname93,67760302,email93@example.com,Male,Domestic,Civil Engineering,Unsure,Joining a local running club for motivation,Growth and learning,"['Wednesday afternoon', 'Wednesday morning', 'Friday morning']"
Name94,Surname94,24175659,email94@example.com,Male,Domestic,Earth & Space Science & Engineering,Corporate,Playing board games with friends,Creativity,"['Wednesday afternoon', 'Friday evening', 'Monday afternoon']"
Name95,Surname95,23824108,email95@example.com,Male,Domestic,Earth & Space Science & Engineering,Non-profit,Engaging in creative writing projects,Creativity,"['Wednesday morning', 'Friday evening', 'Monday evening']"
Name96,Surname96,92699122,email96@example.com,Male,Domestic,Earth & Space Science & Engineering,Corporate,Playing new board games with friends,Concern for others,"['Wednesday afternoon', 'Monday morning', 'Thursday evening']"
Name97,Surname97,59351241,email97@example.com,Other/Prefer not to say,Domestic,Earth & Space Science & Engineering,Entrepreneurship,Coding and programming,Preference for novelty,"['Wednesday evening', 'Friday morning', 'Wednesday afternoon']"
Name98,Surname98,98770499,email98@example.com,Female,Domestic,Mechanical Engineering,Entrepreneurship,Traveling to new places,Concern for others,"['Thursday morning', 'Tuesday morning', 'Wednesday evening']"
Name99,Surname99,33817100,email99@example.com,Female,Domestic,Electrical Engineering & Computer Science,Research,Cooking and gardening,Collaboration and teamwork,"['Monday morning', 'Friday evening', 'Thursday evening']"
Name100,Surname100,60494182,email100@example.com,Other/Prefer not to say,Domestic,Electrical Engineering & Computer Science,Unsure,Playing guitar and listening to music,Preference for novelty,"['Thursday morning', 'Wednesday afternoon', 'Tuesday morning']"
Name101,Surname101,26866970,email101@example.com,Male,Domestic,Mechanical Engineering,Research,Yoga,Integrity,"['Monday morning', 'Thursday evening', 'Friday evening']"
Name102,Surname102,39959861,email102@example.com,Male,Domestic,Electrical Engineering & Computer Science,Entrepreneurship,Running,Creativity,"['Friday afternoon', 'Thursday morning', 'Thursday afternoon']"
Name103,Surname103,21469062,email103@example.com,Female,Domestic,Civil Engineering,Entrepreneurship,Drawing,Preference for novelty,"['Tuesday morning', 'Friday evening', 'Tuesday evening']"
Name104,Surname104,14862191,email104@example.com,Female,International,Electrical Engineering & Computer Science,Research,Studying foreign languages,Collaboration and teamwork,"['Monday morning', 'Friday evening', 'Thursday afternoon']"
Name105,Surname105,31127494,email105@example.com,Male,Domestic,Civil Engineering,Unsure,Traveling for culinary experiences and trying new foods,Creativity,"['Thursday morning', 'Wednesday morning', 'Monday afternoon']"
Name106,Surname106,85196724,email106@example.com,Female,Domestic,Civil Engineering,Corporate,Reading comics and graphic novels,Ambition and achievement,"['Friday evening', 'Thursday morning', 'Wednesday evening']"
Name107,Surname107,44201581,email107@example.com,Other/Prefer not to say,Domestic,Electrical Engineering & Computer Science,Corporate,Browsing old bookstores for rare books,Collaboration and teamwork,"['Friday afternoon', 'Friday evening', 'Tuesday evening']"
Name108,Surname108,84277638,email108@example.com,Female,Domestic,Electrical Engineering & Computer Science,Non-profit,I love learning new things,Integrity,"['Tuesday evening', 'Friday afternoon', 'Wednesday morning']"
Name109,Surname109,14081915,email109@example.com,Male,Domestic,Mechanical Engineering,Entrepreneurship,Camping with friends and family,Growth and learning,"['Friday evening', 'Wednesday afternoon', 'Tuesday evening']"
Name110,Surname110,48634500,email110@example.com,Female,Domestic,Earth & Space Science & Engineering,Unsure,Playing chess with friends,Preference for novelty,"['Monday evening', 'Wednesday morning', 'Friday afternoon']"
Name111,Surname111,50101912,email111@example.com,Other/Prefer not to say,Domestic,Mechanical Engineering,Non-profit,Reading non-fiction books on various topics,Creativity,"['Wednesday morning', 'Thursday morning', 'Monday evening']"
Name112,Surname112,88176697,email112@example.com,Male,Domestic,Earth & Space Science & Engineering,Entrepreneurship,Playing chess,Concern for others,"['Tuesday evening', 'Monday evening', 'Wednesday afternoon']"
Name113,Surname113,30136672,email113@example.com,Other/Prefer not to say,Domestic,Civil Engineering,Corporate,Playing sports,Concern for others,"['Monday evening', 'Tuesday evening', 'Monday morning']"
Name114,Surname114,82362055,email114@example.com,Female,Domestic,Earth & Space Science & Engineering,Unsure,Gardening and growing my own vegetables,Concern for others,"['Friday evening', 'Monday morning', 'Wednesday afternoon']"
Name115,Surname115,95039909,email115@example.com,Female,Domestic,Electrical Engineering & Computer Science,Unsure,Dancing to my favorite music,Growth and learning,"['Friday evening', 'Friday morning', 'Monday morning']"
Name116,Surname116,44440149,email116@example.com,Female,Domestic,Electrical Engineering & Computer Science,Corporate,Studying foreign languages,Integrity,"['Friday morning', 'Wednesday evening', 'Monday afternoon']"
Name117,Surname117,52868958,email117@example.com,Female,Domestic,Mechanical Engineering,Corporate,I enjoy reading books related to AI,Growth and learning,"['Wednesday morning', 'Tuesday evening', 'Wednesday evening']"
Name118,Surname118,82656513,email118@example.com,Male,Domestic,Mechanical Engineering,Corporate,Learning to play new musical instruments,Growth and learning,"['Monday morning', 'Friday evening', 'Monday evening']"
Name119,Surname119,11933149,email119@example.com,Male,Domestic,Earth & Space Science & Engineering,Research,Engaging in creative writing projects,Preference for novelty,"['Thursday afternoon', 'Monday morning', 'Thursday morning']"
Name120,Surname120,92364706,email120@example.com,Male,International,Electrical Engineering & Computer Science,Non-profit,Binge-watching TV series on streaming platforms,Growth and learning,"['Friday evening', 'Tuesday evening', 'Thursday evening']"
Name121,Surname121,11009682,email121@example.com,Male,International,Mechanical Engineering,Unsure,Cooking and gardening,Concern for others,"['Tuesday morning', 'Thursday evening', 'Tuesday evening']"
Name122,Surname122,21449130,email122@example.com,Female,Domestic,Earth & Space Science & Engineering,Non-profit,Building model airplanes and trains,Concern for others,"['Thursday evening', 'Thursday morning', 'Wednesday evening']"
Name123,Surname123,84762804,email123@example.com,Male,Domestic,Electrical Engineering & Computer Science,Research,Traveling to new places,Creativity,"['Wednesday evening', 'Friday evening', 'Thursday morning']"
Name124,Surname124,21295907,email124@example.com,Male,Domestic,Mechanical Engineering,Corporate,Drawing,Integrity,"['Monday morning', 'Wednesday evening', 'Friday evening']"
Name125,Surname125,73254305,email125@example.com,Male,International,Electrical Engineering & Computer Science,Non-profit,Wine tasting and exploring different varieties,Ambition and achievement,"['Friday evening', 'Tuesday evening', 'Monday afternoon']"
Name126,Surname126,74655693,email126@example.com,Female,Domestic,Earth & Space Science & Engineering,Corporate,Walking my dogs in the park,Preference for novelty,"['Monday morning', 'Wednesday morning', 'Friday evening']"
Name127,Surname127,48676323,email127@example.com,Other/Prefer not to say,Domestic,Electrical Engineering & Computer Science,Research,Traveling for culinary experiences and trying new foods,Concern for others,"['Monday afternoon', 'Thursday morning', 'Thursday evening']"
Name128,Surname128,16430530,email128@example.com,Male,International,Earth & Space Science & Engineering,Corporate,Playing board games with friends,Integrity,"['Tuesday morning', 'Thursday evening', 'Thursday morning']"
Name129,Surname129,77713130,email129@example.com,Male,Domestic,Mechanical Engineering,Corporate,Exploring different types of fitness classes,Growth and learning,"['Thursday afternoon', 'Thursday evening', 'Tuesday morning']"
Name130,Surname130,37834713,email130@example.com,Female,Domestic,Civil Engineering,Corporate,Walking my dogs in the park,Ambition and achievement,"['Friday afternoon', 'Wednesday morning', 'Friday evening']"
Name131,Surname131,91484790,email131@example.com,Male,Domestic,Civil Engineering,Corporate,Experimenting with new recipes in the kitchen,Growth and learning,"['Thursday evening', 'Wednesday morning', 'Monday morning']"
Name132,Surname132,94112698,email132@example.com,Male,International,Mechanical Engineering,Unsure,Acting in local theater productions,Preference for novelty,"['Wednesday evening', 'Tuesday afternoon', 'Tuesday evening']"
Name133,Surname133,79580596,email133@example.com,Male,International,Mechanical Engineering,Research,Cooking and gardening,Growth and learning,"['Friday morning', 'Tuesday morning', 'Friday evening']"
Name134,Surname134,33232647,email134@example.com,Female,Domestic,Electrical Engineering & Computer Science,Corporate,Rock climbing,Collaboration and teamwork,"['Monday evening', 'Thursday morning', 'Tuesday afternoon']"
Name135,Surname135,19845486,email135@example.com,Male,International,Earth & Space Science & Engineering,Non-profit,Making DIY home decor projects,Concern for others,"['Thursday afternoon', 'Tuesday afternoon', 'Wednesday morning']"
Name136,Surname136,15975729,email136@example.com,Male,Domestic,Electrical Engineering & Computer Science,Non-profit,Studying foreign languages,Creativity,"['Wednesday morning', 'Tuesday afternoon', 'Wednesday evening']"
Name137,Surname137,56232813,email137@example.com,Female,Domestic,Civil Engineering,Research,Listening to music,Creativity,"['Thursday morning', 'Friday afternoon', 'Friday morning']"
Name138,Surname138,12235773,email138@example.com,Male,Domestic,Electrical Engineering & Computer Science,Corporate,Going to live music concerts,Growth and learning,"['Monday evening', 'Wednesday afternoon', 'Tuesday evening']"
Name139,Surname139,73483101,email139@example.com,Male,Domestic,Earth & Space Science & Engineering,Research,I enjoy playing computer games and going for runs,Integrity,"['Tuesday afternoon', 'Thursday evening', 'Wednesday afternoon']"
Name140,Surname140,98471000,email140@example.com,Male,International,Mechanical Engineering,Corporate,Joining book clubs to discuss literature,Ambition and achievement,"['Monday evening', 'Thursday evening', 'Monday morning']"
Name141,Surname141,80013950,email141@example.com,Male,Domestic,Mechanical Engineering,Entrepreneurship,Acting in local theater productions,Collaboration and teamwork,"['Thursday morning', 'Tuesday morning', 'Monday evening']"
Name142,Surname142,41225776,email142@example.com,Male,International,Earth & Space Science & Engineering,Research,Drawing,Growth and learning,"['Wednesday evening', 'Tuesday evening', 'Monday morning']"
Name143,Surname143,74045566,email143@example.com,Other/Prefer not to say,Domestic,Mechanical Engineering,Non-profit,Drawing,Ambition and achievement,"['Tuesday afternoon', 'Friday evening', 'Thursday evening']"
Name144,Surname144,64429402,email144@example.com,Female,International,Mechanical Engineering,Corporate,Dancing,Preference for novelty,"['Thursday evening', 'Thursday morning', 'Monday evening']"
Name145,Surname145,28970162,email145@example.com,Male,International,Mechanical Engineering,Unsure,Reading comics and graphic novels,Collaboration and teamwork,"['Thursday evening', 'Tuesday evening', 'Wednesday evening']"
Name146,Surname146,48769117,email146@example.com,Male,Domestic,Earth & Space Science & Engineering,Unsure,Learning about different musical genres and artists,Concern for others,"['Wednesday evening', 'Friday morning', 'Tuesday evening']"
Name147,Surname147,69468097,email147@example.com,Male,Domestic,Earth & Space Science & Engineering,Corporate,Traveling to new places,Preference for novelty,"['Tuesday morning', 'Friday evening', 'Wednesday afternoon']"
Name148,Surname148,83225990,email148@example.com,Female,Domestic,Earth & Space Science & Engineering,Unsure,Running,Growth and learning,"['Friday morning', 'Thursday evening', 'Wednesday evening']"
Name149,Surname149,85575494,email149@example.com,Female,International,Mechanical Engineering,Corporate,Playing board games,Integrity,"['Thursday afternoon', 'Wednesday afternoon', 'Friday afternoon']"
Name150,Surname150,50187624,email150@example.com,Female,Domestic,Electrical Engineering & Computer Science,Corporate,Joining a local sports league for fun and fitness,Concern for others,"['Friday evening', 'Tuesday afternoon', 'Thursday afternoon']"
Name151,Surname151,42561948,email151@example.com,Female,Domestic,Mechanical Engineering,Corporate,Hanging out with friends on weekends,Ambition and achievement,"['Wednesday afternoon', 'Monday afternoon', 'Wednesday morning']"
Name152,Surname152,31604070,email152@example.com,Male,International,Civil Engineering,Entrepreneurship,Playing computer games,Concern for others,"['Tuesday evening', 'Thursday morning', 'Tuesday afternoon']"
Name153,Surname153,12071645,email153@example.com,Female,Domestic,Earth & Space Science & Engineering,Unsure,Trying new fitness routines at the gym,Concern for others,"['Friday morning', 'Monday afternoon', 'Thursday morning']"
Name154,Surname154,66770956,email154@example.com,Female,International,Earth & Space Science & Engineering,Unsure,Collecting antique items,Integrity,"['Monday afternoon', 'Tuesday afternoon', 'Wednesday evening']"
Name155,Surname155,96090427,email155@example.com,Male,International,Mechanical Engineering,Corporate,Baking,Creativity,"['Thursday evening', 'Monday evening', 'Tuesday evening']"
Name156,Surname156,29896091,email156@example.com,Other/Prefer not to say,Domestic,Mechanical Engineering,Non-profit,I don’t really have any hobbies,Preference for novelty,"['Tuesday morning', 'Friday morning', 'Thursday morning']"
Name157,Surname157,54305023,email157@example.com,Other/Prefer not to say,Domestic,Mechanical Engineering,Entrepreneurship,Watching movies and TV shows,Ambition and achievement,"['Thursday morning', 'Thursday evening', 'Tuesday afternoon']"
Name158,Surname158,68736185,email158@example.com,Male,International,Electrical Engineering & Computer Science,Entrepreneurship,Engaging in team sports like soccer and basketball,Integrity,"['Friday afternoon', 'Tuesday afternoon', 'Thursday afternoon']"
Name159,Surname159,14124776,email159@example.com,Male,International,Mechanical Engineering,Non-profit,Trying out the latest tech gadgets,Ambition and achievement,"['Monday evening', 'Monday afternoon', 'Wednesday morning']"
Name160,Surname160,61015680,email160@example.com,Male,Domestic,Earth & Space Science & Engineering,Entrepreneurship,Collecting stamps from different countries,Growth and learning,"['Thursday morning', 'Thursday evening', 'Tuesday morning']"
Name161,Surname161,16081961,email161@example.com,Male,Domestic,Electrical Engineering & Computer Science,Non-profit,Listening to music,Preference for novelty,"['Wednesday morning', 'Tuesday morning', 'Thursday afternoon']"
Name162,Surname162,58992397,email162@example.com,Male,Domestic,Mechanical Engineering,Research,Participating in trivia games and quizzes,Growth and learning,"['Friday afternoon', 'Thursday evening', 'Wednesday afternoon']"
Name163,Surname163,64290022,email163@example.com,Female,International,Earth & Space Science & Engineering,Non-profit,Practicing mindfulness through meditation,Growth and learning,"['Tuesday evening', 'Monday morning', 'Wednesday afternoon']"
Name164,Surname164,71856470,email164@example.com,Female,International,Civil Engineering,Corporate,Exploring new technologies and gadgets,Concern for others,"['Thursday afternoon', 'Tuesday evening', 'Friday afternoon']"
Name165,Surname165,13150790,email165@example.com,Male,International,Mechanical Engineering,Unsure,Attending workshops to learn new skills,Concern for others,"['Wednesday evening', 'Tuesday afternoon', 'Monday morning']"
Name166,Surname166,55466907,email166@example.com,Male,Domestic,Mechanical Engineering,Unsure,Taking online courses to expand my knowledge,Growth and learning,"['Wednesday evening', 'Thursday evening', 'Tuesday morning']"
Name167,Surname167,84656853,email167@example.com,Male,International,Electrical Engineering & Computer Science,Corporate,Going on photography excursions for new shots,Concern for others,"['Tuesday morning', 'Friday morning', 'Tuesday evening']"
Name168,Surname168,70942183,email168@example.com,Female,Domestic,Mechanical Engineering,Non-profit,Practicing mindfulness and relaxation techniques,Preference for novelty,"['Friday evening', 'Tuesday morning', 'Thursday evening']"
Name169,Surname169,16298328,email169@example.com,Other/Prefer not to say,Domestic,Civil Engineering,Unsure,My main hobby is machine learning,Growth and learning,"['Monday evening', 'Monday morning', 'Tuesday evening']"
Name170,Surname170,47884463,email170@example.com,Female,International,Electrical Engineering & Computer Science,Corporate,I enjoy reading books related to AI,Growth and learning,"['Friday morning', 'Wednesday morning', 'Wednesday afternoon']"
Name171,Surname171,16756247,email171@example.com,Female,International,Electrical Engineering & Computer Science,Entrepreneurship,Playing video games online with friends,Integrity,"['Friday evening', 'Friday afternoon', 'Monday afternoon']"
Name172,Surname172,78476396,email172@example.com,Other/Prefer not to say,International,Mechanical Engineering,Corporate,Watching movies and TV shows,Creativity,"['Wednesday afternoon', 'Friday morning', 'Monday morning']"
Name173,Surname173,78531941,email173@example.com,Male,International,Earth & Space Science & Engineering,Corporate,Camping with friends and family,Ambition and achievement,"['Tuesday evening', 'Monday morning', 'Monday afternoon']"
Name174,Surname174,82614970,email174@example.com,Male,International,Earth & Space Science & Engineering,Corporate,Coding and programming,Concern for others,"['Tuesday afternoon', 'Monday evening', 'Thursday morning']"
Name175,Surname175,60706518,email175@example.com,Male,International,Electrical Engineering & Computer Science,Entrepreneurship,Hanging out with friends on weekends,Collaboration and teamwork,"['Thursday morning', 'Thursday afternoon', 'Wednesday evening']"
Name176,Surname176,76941422,email176@example.com,Female,Domestic,Electrical Engineering & Computer Science,Entrepreneurship,Hiking,Ambition and achievement,"['Wednesday evening', 'Thursday morning', 'Tuesday evening']"
Name177,Surname177,38746104,email177@example.com,Other/Prefer not to say,Domestic,Mechanical Engineering,Corporate,Playing board games,Concern for others,"['Wednesday morning', 'Monday morning', 'Thursday afternoon']"
Name178,Surname178,42332552,email178@example.com,Male,Domestic,Mechanical Engineering,Corporate,Exploring different types of fitness classes,Ambition and achievement,"['Tuesday afternoon', 'Friday evening', 'Wednesday morning']"
Name179,Surname179,46107141,email179@example.com,Female,International,Earth & Space Science & Engineering,Research,Participating in creative writing workshops,Creativity,"['Friday evening', 'Monday morning', 'Tuesday afternoon']"
Name180,Surname180,98205645,email180@example.com,Other/Prefer not to say,Domestic,Electrical Engineering & Computer Science,Entrepreneurship,Participating in creative writing workshops,Concern for others,"['Tuesday evening', 'Thursday evening', 'Wednesday morning']"
Name181,Surname181,83854734,email181@example.com,Female,Domestic,Electrical Engineering & Computer Science,Corporate,Cooking international cuisines at home,Concern for others,"['Friday evening', 'Monday evening', 'Wednesday afternoon']"
Name182,Surname182,70449893,email182@example.com,Male,International,Mechanical Engineering,Corporate,I enjoy playing computer games and going for runs,Preference for novelty,"['Monday evening', 'Wednesday evening', 'Monday afternoon']"
Name183,Surname183,96679180,email183@example.com,Male,International,Electrical Engineering & Computer Science,Non-profit,Knitting scarves and sweaters,Creativity,"['Friday evening', 'Thursday evening', 'Tuesday afternoon']"
Name184,Surname184,89924568,email184@example.com,Male,Domestic,Mechanical Engineering,Research,Learning about different musical genres and artists,Preference for novelty,"['Thursday afternoon', 'Friday afternoon', 'Wednesday afternoon']"
Name185,Surname185,70245225,email185@example.com,Male,Domestic,Earth & Space Science & Engineering,Entrepreneurship,Listening to interesting podcasts,Collaboration and teamwork,"['Monday afternoon', 'Thursday morning', 'Tuesday morning']"
Name186,Surname186,27323648,email186@example.com,Male,Domestic,Civil Engineering,Research,Learning about sustainable living practices,Growth and learning,"['Wednesday evening', 'Monday afternoon', 'Tuesday evening']"
Name187,Surname187,17681373,email187@example.com,Male,Domestic,Civil Engineering,Corporate,Taking part in charity runs and events,Creativity,"['Tuesday afternoon', 'Monday afternoon', 'Tuesday evening']"
Name188,Surname188,95584377,email188@example.com,Male,Domestic,Electrical Engineering & Computer Science,Corporate,I enjoy reading books related to AI,Ambition and achievement,"['Monday afternoon', 'Thursday evening', 'Wednesday morning']"
Name189,Surname189,24861292,email189@example.com,Male,Domestic,Earth & Space Science & Engineering,Corporate,Exploring different art forms like sculpture and painting,Creativity,"['Thursday morning', 'Thursday evening', 'Wednesday morning']"
Name190,Surname190,71679500,email190@example.com,Male,Domestic,Electrical Engineering & Computer Science,Corporate,Studying foreign languages,Integrity,"['Wednesday morning', 'Monday evening', 'Monday afternoon']"
Name191,Surname191,97335506,email191@example.com,Female,Domestic,Civil Engineering,Non-profit,I spend a lot of time coding and playing computer games,Concern for others,"['Wednesday afternoon', 'Tuesday afternoon', 'Monday afternoon']"
Name192,Surname192,79728954,email192@example.com,Female,Domestic,Civil Engineering,Corporate,Baking,Creativity,"['Thursday evening', 'Tuesday afternoon', 'Friday afternoon']"
Name193,Surname193,13095935,email193@example.com,Male,International,Mechanical Engineering,Corporate,Participating in local food tours and tastings,Collaboration and teamwork,"['Thursday evening', 'Wednesday evening', 'Thursday afternoon']"
Name194,Surname194,77946518,email194@example.com,Male,International,Earth & Space Science & Engineering,Unsure,Travel photography to capture memories,Growth and learning,"['Tuesday afternoon', 'Wednesday afternoon', 'Thursday morning']"
Name195,Surname195,17131981,email195@example.com,Male,Domestic,Electrical Engineering & Computer Science,Research,I love learning new things,Ambition and achievement,"['Tuesday afternoon', 'Thursday afternoon', 'Tuesday morning']"
Name196,Surname196,38020618,email196@example.com,Male,Domestic,Earth & Space Science & Engineering,Non-profit,Creating and managing a personal blog,Collaboration and teamwork,"['Thursday evening', 'Friday afternoon', 'Thursday morning']"
Name197,Surname197,77839306,email197@example.com,Female,International,Earth & Space Science & Engineering,Unsure,Learning about different cultures and traditions,Growth and learning,"['Tuesday morning', 'Thursday evening', 'Monday morning']"
Name198,Surname198,72922573,email198@example.com,Female,Domestic,Electrical Engineering & Computer Science,Entrepreneurship,Solving crossword puzzles for fun,Concern for others,"['Thursday morning', 'Friday afternoon', 'Tuesday evening']"
Name199,Surname199,11034928,email199@example.com,Other/Prefer not to say,Domestic,Earth & Space Science & Engineering,Corporate,Watching movies and TV shows,Preference for novelty,"['Tuesday evening', 'Friday evening', 'Thursday morning']"
Name200,Surname200,18504700,email200@example.com,Male,International,Mechanical Engineering,Corporate,I love learning new things,Integrity,"['Monday morning', 'Tuesday morning', 'Wednesday evening']"
Name201,Surname201,34995528,email201@example.com,Male,International,Mechanical Engineering,Unsure,Hiking,Preference for novelty,"['Thursday afternoon', 'Thursday morning', 'Tuesday evening']"
Name202,Surname202,18907592,email202@example.com,Male,International,Electrical Engineering & Computer Science,Unsure,Hiking in the mountains,Integrity,"['Monday morning', 'Friday afternoon', 'Monday afternoon']"
Name203,Surname203,47541416,email203@example.com,Male,International,Civil Engineering,Non-profit,Joining a hiking group to explore new trails,Ambition and achievement,"['Wednesday evening', 'Tuesday afternoon', 'Monday morning']"
Name204,Surname204,25918897,email204@example.com,Male,Domestic,Mechanical Engineering,Research,Meditating,Growth and learning,"['Tuesday evening', 'Monday morning', 'Wednesday evening']"
Name205,Surname205,21534673,email205@example.com,Male,Domestic,Mechanical Engineering,Corporate,Gardening,Ambition and achievement,"['Monday evening', 'Wednesday morning', 'Friday evening']"
Name206,Surname206,51179911,email206@example.com,Male,Domestic,Earth & Space Science & Engineering,Non-profit,Rock climbing as an adventurous sport,Integrity,"['Tuesday evening', 'Friday evening', 'Thursday evening']"
Name207,Surname207,99417862,email207@example.com,Male,Domestic,Civil Engineering,Unsure,Exploring different cuisines through cooking,Preference for novelty,"['Thursday afternoon', 'Wednesday afternoon', 'Thursday morning']"
Name208,Surname208,27816113,email208@example.com,Male,International,Mechanical Engineering,Corporate,Making DIY home decor projects,Ambition and achievement,"['Tuesday evening', 'Tuesday afternoon', 'Wednesday evening']"
Name209,Surname209,32355876,email209@example.com,Female,Domestic,Electrical Engineering & Computer Science,Research,Writing poetry,Integrity,"['Monday morning', 'Thursday afternoon', 'Thursday morning']"
Name210,Surname210,39431887,email210@example.com,Male,Domestic,Electrical Engineering & Computer Science,Non-profit,Swimming is my favorite hobby,Creativity,"['Tuesday evening', 'Thursday evening', 'Wednesday morning']"
Name211,Surname211,20952854,email211@example.com,Male,International,Mechanical Engineering,Entrepreneurship,Drawing,Ambition and achievement,"['Monday afternoon', 'Monday evening', 'Wednesday evening']"
Name212,Surname212,52602045,email212@example.com,Male,Domestic,Electrical Engineering & Computer Science,Corporate,Writing poetry,Integrity,"['Monday afternoon', 'Wednesday morning', 'Wednesday afternoon']"
Name213,Surname213,71207750,email213@example.com,Male,Domestic,Electrical Engineering & Computer Science,Corporate,Trying out the latest tech gadgets,Growth and learning,"['Thursday evening', 'Wednesday afternoon', 'Friday morning']"
Name214,Surname214,35187324,email214@example.com,Other/Prefer not to say,International,Civil Engineering,Research,Skiing during the winter months,Creativity,"['Monday afternoon', 'Friday afternoon', 'Tuesday afternoon']"
Name215,Surname215,46931589,email215@example.com,Other/Prefer not to say,International,Electrical Engineering & Computer Science,Corporate,Participating in community theater productions,Creativity,"['Wednesday afternoon', 'Wednesday morning', 'Monday morning']"
Name216,Surname216,56082948,email216@example.com,Male,International,Electrical Engineering & Computer Science,Unsure,Joining a local running club for motivation,Concern for others,"['Monday evening', 'Wednesday morning', 'Thursday morning']"
Name217,Surname217,83605900,email217@example.com,Male,Domestic,Mechanical Engineering,Research,Binge-watching TV series on streaming platforms,Concern for others,"['Tuesday evening', 'Monday morning', 'Wednesday evening']"
Name218,Surname218,58825526,email218@example.com,Female,Domestic,Electrical Engineering & Computer Science,Corporate,Exploring nature trails and enjoying the outdoors,Growth and learning,"['Wednesday evening', 'Tuesday morning', 'Thursday morning']"
Name219,Surname219,65629577,email219@example.com,Female,Domestic,Civil Engineering,Non-profit,Swimming is my favorite hobby,Preference for novelty,"['Tuesday afternoon', 'Monday afternoon', 'Friday evening']"
Name220,Surname220,35139649,email220@example.com,Male,Domestic,Civil Engineering,Non-profit,Stargazing and learning about constellations,Integrity,"['Thursday afternoon', 'Wednesday evening', 'Tuesday evening']"
Name221,Surname221,82510932,email221@example.com,Female,Domestic,Earth & Space Science & Engineering,Non-profit,Listening to music,Preference for novelty,"['Tuesday evening', 'Wednesday morning', 'Wednesday afternoon']"
Name222,Surname222,22918235,email222@example.com,Male,Domestic,Earth & Space Science & Engineering,Corporate,Experimenting with new recipes in the kitchen,Collaboration and teamwork,"['Thursday evening', 'Monday morning', 'Monday afternoon']"
Name223,Surname223,72246235,email223@example.com,Female,International,Electrical Engineering & Computer Science,Corporate,Engaging in creative writing projects,Concern for others,"['Thursday morning', 'Wednesday evening', 'Monday afternoon']"
Name224,Surname224,80718036,email224@example.com,Male,Domestic,Civil Engineering,Unsure,Cycling around the neighborhood,Collaboration and teamwork,"['Monday evening', 'Monday afternoon', 'Tuesday evening']"
Name225,Surname225,45280737,email225@example.com,Male,International,Earth & Space Science & Engineering,Research,Participating in local theater and acting,Integrity,"['Thursday afternoon', 'Monday evening', 'Wednesday morning']"
Name226,Surname226,80073758,email226@example.com,Female,Domestic,Electrical Engineering & Computer Science,Unsure,Travel photography to capture memories,Concern for others,"['Monday afternoon', 'Friday morning', 'Tuesday evening']"
Name227,Surname227,43482285,email227@example.com,Other/Prefer not to say,Domestic,Civil Engineering,Corporate,Creating short films and video content,Integrity,"['Wednesday morning', 'Wednesday evening', 'Monday morning']"
Name228,Surname228,25045231,email228@example.com,Female,Domestic,Electrical Engineering & Computer Science,Entrepreneurship,Fishing,Creativity,"['Monday afternoon', 'Friday morning', 'Thursday afternoon']"
Name229,Surname229,21606894,email229@example.com,Male,International,Civil Engineering,Research,I don’t really have any hobbies,Concern for others,"['Thursday afternoon', 'Wednesday evening', 'Monday evening']"
Name230,Surname230,54458331,email230@example.com,Female,Domestic,Electrical Engineering & Computer Science,Corporate,Playing board games with friends,Collaboration and teamwork,"['Wednesday evening', 'Monday afternoon', 'Tuesday afternoon']"
Name231,Surname231,43165404,email231@example.com,Male,Domestic,Earth & Space Science & Engineering,Non-profit,Trying out the latest tech gadgets,Ambition and achievement,"['Friday morning', 'Friday evening', 'Tuesday afternoon']"
Name232,Surname232,11444515,email232@example.com,Male,Domestic,Mechanical Engineering,Unsure,Visiting art galleries to appreciate local artists,Ambition and achievement,"['Wednesday afternoon', 'Wednesday morning', 'Tuesday afternoon']"
Name233,Surname233,51109600,email233@example.com,Male,International,Mechanical Engineering,Unsure,Crafting,Growth and learning,"['Monday evening', 'Friday morning', 'Thursday morning']"
Name234,Surname234,48256809,email234@example.com,Male,Domestic,Electrical Engineering & Computer Science,Corporate,Creating short films and video content,Creativity,"['Friday morning', 'Monday evening', 'Friday afternoon']"
Name235,Surname235,30006813,email235@example.com,Other/Prefer not to say,International,Earth & Space Science & Engineering,Corporate,Working on DIY home improvement projects,Integrity,"['Thursday evening', 'Monday afternoon', 'Wednesday morning']"
Name236,Surname236,20663274,email236@example.com,Female,Domestic,Earth & Space Science & Engineering,Corporate,Hiking in the mountains,Integrity,"['Thursday afternoon', 'Tuesday afternoon', 'Wednesday afternoon']"
Name237,Surname237,44117469,email237@example.com,Male,Domestic,Mechanical Engineering,Non-profit,Cooking international cuisines at home,Ambition and achievement,"['Friday afternoon', 'Wednesday morning', 'Thursday evening']"
Name238,Surname238,67740470,email238@example.com,Male,Domestic,Earth & Space Science & Engineering,Unsure,Gardening and growing my own vegetables,Growth and learning,"['Monday morning', 'Thursday morning', 'Wednesday morning']"
Name239,Surname239,52679973,email239@example.com,Other/Prefer not to say,Domestic,Electrical Engineering & Computer Science,Corporate,Learning about different musical genres and artists,Creativity,"['Tuesday morning', 'Monday afternoon', 'Wednesday morning']"
Name240,Surname240,69975376,email240@example.com,Male,Domestic,Earth & Space Science & Engineering,Entrepreneurship,Learning about different musical genres and artists,Integrity,"['Friday afternoon', 'Tuesday evening', 'Tuesday afternoon']"
Name241,Surname241,49465340,email241@example.com,Male,Domestic,Electrical Engineering & Computer Science,Corporate,Fishing,Integrity,"['Tuesday morning', 'Thursday evening', 'Thursday afternoon']"
Name242,Surname242,34081657,email242@example.com,Male,Domestic,Civil Engineering,Corporate,Participating in community theater productions,Creativity,"['Monday morning', 'Monday afternoon', 'Tuesday evening']"
Name243,Surname243,35377894,email243@example.com,Male,International,Electrical Engineering & Computer Science,Corporate,Attending workshops to learn new skills,Creativity,"['Thursday afternoon', 'Thursday evening', 'Tuesday afternoon']"
Name244,Surname244,54557774,email244@example.com,Male,Domestic,Electrical Engineering & Computer Science,Unsure,Cooking and gardening,Integrity,"['Monday morning', 'Monday afternoon', 'Friday afternoon']"
Name245,Surname245,47630662,email245@example.com,Male,Domestic,Civil Engineering,Non-profit,Exploring local music scenes and bands,Integrity,"['Thursday evening', 'Thursday morning', 'Monday evening']"
Name246,Surname246,36901347,email246@example.com,Female,International,Civil Engineering,Unsure,Watching movies and TV shows,Preference for novelty,"['Monday morning', 'Friday morning', 'Wednesday afternoon']"
Name247,Surname247,27050799,email247@example.com,Other/Prefer not to say,Domestic,Mechanical Engineering,Corporate,Building and collecting model trains,Ambition and achievement,"['Thursday afternoon', 'Friday morning', 'Friday evening']"
Name248,Surname248,96118032,email248@example.com,Female,International,Electrical Engineering & Computer Science,Research,Taking part in charity runs and events,Concern for others,"['Friday morning', 'Wednesday morning', 'Wednesday afternoon']"
Name249,Surname249,85140670,email249@example.com,Male,Domestic,Civil Engineering,Corporate,Building DIY furniture and home projects,Growth and learning,"['Wednesday morning', 'Friday morning', 'Friday afternoon']"
Name250,Surname250,43086391,email250@example.com,Female,International,Mechanical Engineering,Research,Walking my dogs in the park,Ambition and achievement,"['Monday evening', 'Tuesday afternoon', 'Thursday morning']"
Name251,Surname251,15801279,email251@example.com,Male,Domestic,Earth & Space Science & Engineering,Corporate,Reading,Growth and learning,"['Thursday evening', 'Monday afternoon', 'Friday afternoon']"
Name252,Surname252,97408193,email252@example.com,Male,Domestic,Earth & Space Science & Engineering,Corporate,Playing sports,Growth and learning,"['Monday afternoon', 'Friday afternoon', 'Tuesday morning']"
Name253,Surname253,52249971,email253@example.com,Male,International,Mechanical Engineering,Corporate,Baking,Ambition and achievement,"['Thursday morning', 'Tuesday afternoon', 'Tuesday evening']"
Name254,Surname254,89486019,email254@example.com,Other/Prefer not to say,Domestic,Electrical Engineering & Computer Science,Corporate,Creating handmade jewelry,Creativity,"['Wednesday afternoon', 'Friday morning', 'Tuesday morning']"
Name255,Surname255,51755645,email255@example.com,Male,International,Electrical Engineering & Computer Science,Corporate,Engaging in creative writing projects,Creativity,"['Tuesday evening', 'Wednesday morning', 'Monday evening']"
Name256,Surname256,94176343,email256@example.com,Male,International,Electrical Engineering & Computer Science,Research,Watching movies and TV shows,Preference for novelty,"['Thursday morning', 'Friday morning', 'Tuesday afternoon']"
Name257,Surname257,39453871,email257@example.com,Male,Domestic,Electrical Engineering & Computer Science,Corporate,Hiking in the mountains,Growth and learning,"['Thursday afternoon', 'Monday afternoon', 'Thursday morning']"
Name258,Surname258,83456027,email258@example.com,Other/Prefer not to say,International,Mechanical Engineering,Unsure,Playing board games,Creativity,"['Friday morning', 'Wednesday evening', 'Tuesday morning']"
Name259,Surname259,44131816,email259@example.com,Male,Domestic,Electrical Engineering & Computer Science,Corporate,Writing short stories and poems,Growth and learning,"['Monday afternoon', 'Friday afternoon', 'Friday evening']"
Name260,Surname260,78983789,email260@example.com,Male,Domestic,Mechanical Engineering,Entrepreneurship,Reading graphic novels and manga,Integrity,"['Thursday afternoon', 'Wednesday morning', 'Friday evening']"
Name261,Surname261,48390652,email261@example.com,Other/Prefer not to say,International,Electrical Engineering & Computer Science,Corporate,Knitting scarves and sweaters,Integrity,"['Tuesday evening', 'Tuesday morning', 'Thursday afternoon']"
Name262,Surname262,47079129,email262@example.com,Female,International,Civil Engineering,Corporate,Skiing,Growth and learning,"['Tuesday evening', 'Friday morning', 'Thursday evening']"
Name263,Surname263,83886021,email263@example.com,Other/Prefer not to say,International,Electrical Engineering & Computer Science,Corporate,Studying foreign languages,Integrity,"['Monday morning', 'Tuesday morning', 'Monday afternoon']"
Name264,Surname264,29655158,email264@example.com,Male,International,Earth & Space Science & Engineering,Corporate,Reading books and going shopping,Preference for novelty,"['Monday afternoon', 'Friday morning', 'Tuesday morning']"
Name265,Surname265,83272175,email265@example.com,Female,International,Civil Engineering,Entrepreneurship,Playing chess with friends,Creativity,"['Friday afternoon', 'Monday afternoon', 'Friday morning']"
Name266,Surname266,13118014,email266@example.com,Male,Domestic,Mechanical Engineering,Corporate,Taking part in charity runs and events,Creativity,"['Wednesday afternoon', 'Tuesday morning', 'Monday evening']"
Name267,Surname267,52890957,email267@example.com,Male,International,Earth & Space Science & Engineering,Non-profit,Participating in trivia games and quizzes,Integrity,"['Tuesday evening', 'Thursday evening', 'Tuesday afternoon']"
Name268,Surname268,47009134,email268@example.com,Male,International,Electrical Engineering & Computer Science,Research,Hiking,Concern for others,"['Thursday morning', 'Wednesday afternoon', 'Monday morning']"
Name269,Surname269,38394807,email269@example.com,Male,Domestic,Mechanical Engineering,Entrepreneurship,Sewing clothes and accessories,Concern for others,"['Monday evening', 'Monday afternoon', 'Thursday afternoon']"
Name270,Surname270,41964981,email270@example.com,Male,International,Civil Engineering,Research,Learning to play new musical instruments,Ambition and achievement,"['Monday morning', 'Wednesday morning', 'Friday afternoon']"
Name271,Surname271,41590051,email271@example.com,Male,International,Mechanical Engineering,Non-profit,Dancing,Concern for others,"['Friday afternoon', 'Tuesday evening', 'Monday evening']"
Name272,Surname272,87288401,email272@example.com,Male,International,Earth & Space Science & Engineering,Corporate,Cycling,Collaboration and teamwork,"['Friday morning', 'Wednesday afternoon', 'Friday evening']"
Name273,Surname273,57393826,email273@example.com,Female,International,Electrical Engineering & Computer Science,Non-profit,Learning about marine biology and ocean life,Creativity,"['Wednesday afternoon', 'Monday afternoon', 'Friday evening']"
Name274,Surname274,43047573,email274@example.com,Female,Domestic,Civil Engineering,Research,Walking my dogs in the park,Ambition and achievement,"['Monday afternoon', 'Thursday afternoon', 'Tuesday morning']"
Name275,Surname275,21079225,email275@example.com,Other/Prefer not to say,Domestic,Electrical Engineering & Computer Science,Research,Watching movies and TV shows,Growth and learning,"['Thursday afternoon', 'Wednesday afternoon', 'Monday afternoon']"
Name276,Surname276,52387743,email276@example.com,Female,International,Mechanical Engineering,Research,Joining a hiking group to explore new trails,Collaboration and teamwork,"['Wednesday afternoon', 'Thursday afternoon', 'Friday evening']"
Name277,Surname277,40575469,email277@example.com,Female,Domestic,Mechanical Engineering,Corporate,Joining local meetups for various hobbies,Creativity,"['Thursday morning', 'Monday afternoon', 'Friday morning']"
Name278,Surname278,63032903,email278@example.com,Male,International,Electrical Engineering & Computer Science,Non-profit,Coding and programming,Ambition and achievement,"['Wednesday afternoon', 'Monday morning', 'Friday morning']"
Name279,Surname279,81478474,email279@example.com,Other/Prefer not to say,Domestic,Civil Engineering,Research,Building model airplanes and trains,Creativity,"['Tuesday afternoon', 'Wednesday evening', 'Tuesday evening']"
Name280,Surname280,29582092,email280@example.com,Male,Domestic,Electrical Engineering & Computer Science,Unsure,Attending art exhibitions and gallery openings,Concern for others,"['Wednesday morning', 'Monday afternoon', 'Wednesday afternoon']"
Name281,Surname281,70983962,email281@example.com,Other/Prefer not to say,International,Mechanical Engineering,Research,Learning about marine biology and ocean life,Creativity,"['Thursday morning', 'Friday evening', 'Tuesday evening']"
Name282,Surname282,86915065,email282@example.com,Male,Domestic,Electrical Engineering & Computer Science,Entrepreneurship,Sculpting with clay in my free time,Ambition and achievement,"['Tuesday morning', 'Thursday evening', 'Monday evening']"
Name283,Surname283,88207558,email283@example.com,Female,Domestic,Civil Engineering,Corporate,Trying out the latest tech gadgets,Collaboration and teamwork,"['Wednesday evening', 'Tuesday morning', 'Friday morning']"
Name284,Surname284,51592328,email284@example.com,Male,Domestic,Electrical Engineering & Computer Science,Research,Joining a book club for lively discussions,Concern for others,"['Monday afternoon', 'Monday morning', 'Friday morning']"
Name285,Surname285,55504709,email285@example.com,Male,Domestic,Electrical Engineering & Computer Science,Unsure,Reading comics and graphic novels,Collaboration and teamwork,"['Tuesday morning', 'Tuesday afternoon', 'Monday afternoon']"
Name286,Surname286,88356218,email286@example.com,Female,International,Mechanical Engineering,Entrepreneurship,Walking my dogs in the park,Integrity,"['Tuesday morning', 'Thursday evening', 'Friday morning']"
Name287,Surname287,56375917,email287@example.com,Male,Domestic,Mechanical Engineering,Non-profit,Participating in community events and activities,Concern for others,"['Monday afternoon', 'Wednesday morning', 'Tuesday morning']"
Name288,Surname288,38606336,email288@example.com,Male,Domestic,Electrical Engineering & Computer Science,Research,Listening to interesting podcasts,Preference for novelty,"['Thursday afternoon', 'Monday evening', 'Monday morning']"
Name289,Surname289,60887397,email289@example.com,Male,International,Mechanical Engineering,Corporate,Playing sports,Growth and learning,"['Thursday morning', 'Friday morning', 'Thursday afternoon']"
Name290,Surname290,13888666,email290@example.com,Other/Prefer not to say,Domestic,Mechanical Engineering,Entrepreneurship,Taking cooking classes to improve my skills,Integrity,"['Monday morning', 'Thursday evening', 'Monday evening']"
Name291,Surname291,23391690,email291@example.com,Other/Prefer not to say,International,Earth & Space Science & Engineering,Corporate,Learning to cook gourmet dishes at home,Preference for novelty,"['Thursday afternoon', 'Wednesday morning', 'Friday morning']"
Name292,Surname292,82700939,email292@example.com,Male,Domestic,Electrical Engineering & Computer Science,Corporate,Learning about different musical genres and artists,Creativity,"['Tuesday morning', 'Wednesday morning', 'Thursday evening']"
Name293,Surname293,37324962,email293@example.com,Female,Domestic,Mechanical Engineering,Corporate,Volunteering,Integrity,"['Wednesday evening', 'Friday afternoon', 'Tuesday morning']"
Name294,Surname294,33365004,email294@example.com,Male,International,Electrical Engineering & Computer Science,Non-profit,Watching Netflix series,Preference for novelty,"['Tuesday evening', 'Tuesday afternoon', 'Monday afternoon']"
Name295,Surname295,53925716,email295@example.com,Female,Domestic,Civil Engineering,Entrepreneurship,Making pottery as a relaxing activity,Creativity,"['Wednesday afternoon', 'Wednesday evening', 'Friday evening']"
Name296,Surname296,21478046,email296@example.com,Male,International,Mechanical Engineering,Research,Working on DIY home improvement projects,Integrity,"['Monday evening', 'Monday morning', 'Thursday morning']"
Name297,Surname297,11378357,email297@example.com,Male,Domestic,Earth & Space Science & Engineering,Unsure,Reading non-fiction books on various topics,Integrity,"['Friday morning', 'Thursday evening', 'Monday morning']"
Name298,Surname298,74344458,email298@example.com,Female,Domestic,Civil Engineering,Corporate,Reading books and going shopping,Integrity,"['Tuesday afternoon', 'Tuesday morning', 'Friday morning']"
Name299,Surname299,97257101,email299@example.com,Male,Domestic,Earth & Space Science & Engineering,Entrepreneurship,Trying new fitness routines at the gym,Ambition and achievement,"['Tuesday afternoon', 'Monday evening', 'Thursday morning']"
Name300,Surname300,25735732,email300@example.com,Male,Domestic,Civil Engineering,Entrepreneurship,Cooking and gardening,Growth and learning,"['Thursday evening', 'Monday afternoon', 'Thursday morning']"
Name301,Surname301,48717463,email301@example.com,Male,International,Earth & Space Science & Engineering,Non-profit,Gardening,Creativity,"['Monday afternoon', 'Tuesday morning', 'Monday morning']"
Name302,Surname302,53100806,email302@example.com,Male,International,Mechanical Engineering,Entrepreneurship,Working on jigsaw puzzles for relaxation,Ambition and achievement,"['Monday evening', 'Friday afternoon', 'Wednesday afternoon']"
Name303,Surname303,76521946,email303@example.com,Male,Domestic,Earth & Space Science & Engineering,Research,Attending sports events to cheer for my team,Concern for others,"['Wednesday afternoon', 'Wednesday evening', 'Monday morning']"
Name304,Surname304,21690092,email304@example.com,Male,International,Mechanical Engineering,Corporate,Rock climbing as an adventurous sport,Preference for novelty,"['Thursday evening', 'Monday afternoon', 'Monday morning']"
Name305,Surname305,39291200,email305@example.com,Female,International,Mechanical Engineering,Research,Reading graphic novels and manga,Creativity,"['Thursday morning', 'Tuesday afternoon', 'Monday evening']"
Name306,Surname306,45071557,email306@example.com,Male,Domestic,Electrical Engineering & Computer Science,Non-profit,Joining a local sports league for fun and fitness,Concern for others,"['Monday evening', 'Tuesday morning', 'Wednesday evening']"
Name307,Surname307,19318716,email307@example.com,Male,International,Earth & Space Science & Engineering,Unsure,Joining a local sports league for fun and fitness,Ambition and achievement,"['Wednesday afternoon', 'Tuesday evening', 'Monday morning']"
Name308,Surname308,98184219,email308@example.com,Male,Domestic,Mechanical Engineering,Research,Cooking international cuisines at home,Integrity,"['Tuesday morning', 'Monday evening', 'Friday morning']"
Name309,Surname309,40945673,email309@example.com,Female,Domestic,Civil Engineering,Corporate,Writing short stories and poems,Growth and learning,"['Thursday evening', 'Thursday afternoon', 'Wednesday evening']"
Name310,Surname310,74221479,email310@example.com,Male,International,Earth & Space Science & Engineering,Corporate,Trying out new sports activities and challenges,Preference for novelty,"['Thursday afternoon', 'Friday afternoon', 'Monday evening']"
Name311,Surname311,27082355,email311@example.com,Female,Domestic,Mechanical Engineering,Unsure,Playing computer games,Integrity,"['Wednesday morning', 'Monday afternoon', 'Friday evening']"
Name312,Surname312,68780696,email312@example.com,Female,Domestic,Earth & Space Science & Engineering,Corporate,Creating digital art as a hobby,Growth and learning,"['Monday evening', 'Monday afternoon', 'Wednesday evening']"
Name313,Surname313,21683946,email313@example.com,Other/Prefer not to say,International,Mechanical Engineering,Entrepreneurship,Knitting,Growth and learning,"['Thursday afternoon', 'Monday morning', 'Thursday evening']"
Name314,Surname314,17891953,email314@example.com,Male,International,Civil Engineering,Corporate,Gardening and growing my own vegetables,Preference for novelty,"['Wednesday afternoon', 'Monday morning', 'Monday afternoon']"
Name315,Surname315,98951768,email315@example.com,Male,Domestic,Earth & Space Science & Engineering,Entrepreneurship,I love learning new things,Collaboration and teamwork,"['Monday afternoon', 'Friday evening', 'Wednesday afternoon']"
Name316,Surname316,92987389,email316@example.com,Male,Domestic,Civil Engineering,Research,Playing sports,Growth and learning,"['Thursday afternoon', 'Tuesday afternoon', 'Friday evening']"
Name317,Surname317,19813371,email317@example.com,Other/Prefer not to say,Domestic,Earth & Space Science & Engineering,Non-profit,Joining local meetups for various hobbies,Creativity,"['Wednesday morning', 'Friday afternoon', 'Tuesday afternoon']"
Name318,Surname318,56456781,email318@example.com,Male,Domestic,Mechanical Engineering,Corporate,Participating in creative writing workshops,Growth and learning,"['Wednesday morning', 'Thursday morning', 'Monday morning']"
Name319,Surname319,46225174,email319@example.com,Female,Domestic,Civil Engineering,Corporate,Hiking,Collaboration and teamwork,"['Friday morning', 'Wednesday evening', 'Wednesday morning']"
Name320,Surname320,30896249,email320@example.com,Female,Domestic,Earth & Space Science & Engineering,Entrepreneurship,Exploring local farmer’s markets for fresh produce,Concern for others,"['Thursday morning', 'Wednesday afternoon', 'Friday evening']"
Name321,Surname321,21982914,email321@example.com,Female,Domestic,Mechanical Engineering,Non-profit,Participating in creative writing workshops,Creativity,"['Monday afternoon', 'Thursday evening', 'Friday evening']"
Name322,Surname322,72581888,email322@example.com,Male,International,Earth & Space Science & Engineering,Corporate,I enjoy playing computer games and going for runs,Preference for novelty,"['Monday evening', 'Friday afternoon', 'Wednesday morning']"
Name323,Surname323,92203934,email323@example.com,Male,Domestic,Electrical Engineering & Computer Science,Corporate,Playing board games,Integrity,"['Wednesday morning', 'Monday morning', 'Tuesday morning']"
Name324,Surname324,15953078,email324@example.com,Male,Domestic,Mechanical Engineering,Corporate,Watching Netflix series,Concern for others,"['Thursday morning', 'Monday morning', 'Friday evening']"
Name325,Surname325,68454708,email325@example.com,Female,International,Earth & Space Science & Engineering,Unsure,Traveling and taking photos,Preference for novelty,"['Monday morning', 'Thursday morning', 'Tuesday afternoon']"
Name326,Surname326,53456074,email326@example.com,Female,International,Electrical Engineering & Computer Science,Non-profit,Stargazing and learning about constellations,Creativity,"['Tuesday morning', 'Thursday morning', 'Friday evening']"
Name327,Surname327,33324523,email327@example.com,Male,International,Civil Engineering,Unsure,Binge-watching TV series on streaming platforms,Concern for others,"['Tuesday afternoon', 'Monday evening', 'Thursday morning']"
Name328,Surname328,25023719,email328@example.com,Male,Domestic,Earth & Space Science & Engineering,Corporate,Walking my dogs in the park,Ambition and achievement,"['Wednesday evening', 'Wednesday morning', 'Tuesday morning']"
Name329,Surname329,36432005,email329@example.com,Male,Domestic,Earth & Space Science & Engineering,Research,Solving crossword puzzles for fun,Preference for novelty,"['Monday evening', 'Monday morning', 'Thursday morning']"
Name330,Surname330,75342431,email330@example.com,Male,Domestic,Mechanical Engineering,Non-profit,Joining a local running club for motivation,Concern for others,"['Tuesday morning', 'Monday morning', 'Monday afternoon']"
Name331,Surname331,85944207,email331@example.com,Male,Domestic,Mechanical Engineering,Unsure,Exploring local farmer’s markets for fresh produce,Growth and learning,"['Friday afternoon', 'Monday evening', 'Tuesday afternoon']"
Name332,Surname332,70169687,email332@example.com,Male,Domestic,Civil Engineering,Corporate,Making pottery as a relaxing activity,Growth and learning,"['Thursday morning', 'Friday evening', 'Wednesday morning']"
Name333,Surname333,78724193,email333@example.com,Female,International,Earth & Space Science & Engineering,Corporate,Practicing mindfulness and relaxation techniques,Concern for others,"['Friday afternoon', 'Wednesday morning', 'Wednesday evening']"
Name334,Surname334,86633491,email334@example.com,Male,Domestic,Electrical Engineering & Computer Science,Research,Singing in a local choir,Ambition and achievement,"['Tuesday morning', 'Thursday evening', 'Monday evening']"
Name335,Surname335,89711961,email335@example.com,Female,Domestic,Earth & Space Science & Engineering,Non-profit,I love learning new things,Creativity,"['Friday afternoon', 'Thursday evening', 'Tuesday evening']"
Name336,Surname336,49599924,email336@example.com,Male,Domestic,Electrical Engineering & Computer Science,Entrepreneurship,Camping,Concern for others,"['Thursday afternoon', 'Tuesday morning', 'Friday evening']"
Name337,Surname337,57761576,email337@example.com,Other/Prefer not to say,Domestic,Earth & Space Science & Engineering,Research,Practicing mindfulness and relaxation techniques,Integrity,"['Thursday afternoon', 'Thursday morning', 'Tuesday afternoon']"
Name338,Surname338,87803265,email338@example.com,Male,Domestic,Mechanical Engineering,Non-profit,Watching movies and TV shows,Preference for novelty,"['Thursday evening', 'Friday evening', 'Wednesday evening']"
Name339,Surname339,51542745,email339@example.com,Female,International,Earth & Space Science & Engineering,Research,Playing sports,Growth and learning,"['Wednesday afternoon', 'Friday morning', 'Monday morning']"
Name340,Surname340,31772197,email340@example.com,Other/Prefer not to say,Domestic,Electrical Engineering & Computer Science,Unsure,I don’t really have any hobbies,Growth and learning,"['Wednesday evening', 'Wednesday morning', 'Friday afternoon']"
Name341,Surname341,66306531,email341@example.com,Male,Domestic,Civil Engineering,Entrepreneurship,I love learning new things,Collaboration and teamwork,"['Tuesday afternoon', 'Tuesday evening', 'Wednesday morning']"
Name342,Surname342,79355529,email342@example.com,Female,International,Civil Engineering,Entrepreneurship,Practicing mindfulness through meditation,Growth and learning,"['Friday afternoon', 'Wednesday morning', 'Thursday morning']"
Name343,Surname343,99748651,email343@example.com,Female,International,Civil Engineering,Unsure,Exploring new places whenever I can,Ambition and achievement,"['Friday morning', 'Monday evening', 'Friday afternoon']"
Name344,Surname344,37457596,email344@example.com,Male,Domestic,Mechanical Engineering,Corporate,Practicing mindfulness and relaxation techniques,Collaboration and teamwork,"['Thursday afternoon', 'Friday morning', 'Thursday morning']"
Name345,Surname345,75662708,email345@example.com,Male,International,Electrical Engineering & Computer Science,Research,Trying out various cuisines and cooking styles,Ambition and achievement,"['Wednesday afternoon', 'Monday morning', 'Tuesday afternoon']"
Name346,Surname346,15044125,email346@example.com,Male,International,Mechanical Engineering,Non-profit,Watching Netflix series,Creativity,"['Wednesday morning', 'Thursday morning', 'Thursday afternoon']"
Name347,Surname347,57320527,email347@example.com,Male,Domestic,Earth & Space Science & Engineering,Corporate,Fishing on the weekends,Growth and learning,"['Wednesday morning', 'Friday afternoon', 'Friday evening']"
Name348,Surname348,75352714,email348@example.com,Other/Prefer not to say,Domestic,Mechanical Engineering,Non-profit,Camping with friends and family,Ambition and achievement,"['Thursday afternoon', 'Thursday evening', 'Friday morning']"
Name349,Surname349,83300900,email349@example.com,Male,Domestic,Civil Engineering,Corporate,Knitting scarves and sweaters,Collaboration and teamwork,"['Tuesday afternoon', 'Friday morning', 'Monday morning']"
Name350,Surname350,33775092,email350@example.com,Male,Domestic,Earth & Space Science & Engineering,Research,Joining a local sports league for fun and fitness,Integrity,"['Tuesday morning', 'Friday morning', 'Wednesday evening']"
Name351,Surname351,48917731,email351@example.com,Female,International,Civil Engineering,Corporate,Learning new languages for fun,Preference for novelty,"['Monday afternoon', 'Monday evening', 'Thursday afternoon']"
Name352,Surname352,67000108,email352@example.com,Male,Domestic,Earth & Space Science & Engineering,Research,Learning about different musical genres and artists,Creativity,"['Friday evening', 'Wednesday morning', 'Monday evening']"
Name353,Surname353,58463591,email353@example.com,Male,Domestic,Mechanical Engineering,Corporate,Crafting,Concern for others,"['Wednesday afternoon', 'Friday morning', 'Thursday afternoon']"
Name354,Surname354,87236885,email354@example.com,Female,Domestic,Earth & Space Science & Engineering,Corporate,Exploring nature,Ambition and achievement,"['Friday morning', 'Friday evening', 'Friday afternoon']"
Name355,Surname355,64414389,email355@example.com,Male,Domestic,Electrical Engineering & Computer Science,Research,Learning about astronomy and stargazing,Collaboration and teamwork,"['Wednesday evening', 'Friday morning', 'Thursday morning']"
Name356,Surname356,69077376,email356@example.com,Male,Domestic,Electrical Engineering & Computer Science,Unsure,Attending workshops to learn new skills,Growth and learning,"['Friday morning', 'Friday afternoon', 'Monday evening']"
Name357,Surname357,42933303,email357@example.com,Female,Domestic,Electrical Engineering & Computer Science,Unsure,Trying out new board games with family,Creativity,"['Friday afternoon', 'Tuesday evening', 'Wednesday morning']"
Name358,Surname358,82998189,email358@example.com,Female,Domestic,Earth & Space Science & Engineering,Corporate,Exploring different art forms like sculpture and painting,Collaboration and teamwork,"['Thursday morning', 'Friday morning', 'Wednesday morning']"
Name359,Surname359,52105033,email359@example.com,Female,Domestic,Civil Engineering,Non-profit,Learning to play new musical instruments,Growth and learning,"['Monday evening', 'Monday afternoon', 'Tuesday afternoon']"
Name360,Surname360,77212134,email360@example.com,Male,Domestic,Electrical Engineering & Computer Science,Entrepreneurship,Building and collecting model trains,Preference for novelty,"['Tuesday morning', 'Monday evening', 'Friday afternoon']"
Name361,Surname361,20552977,email361@example.com,Other/Prefer not to say,Domestic,Mechanical Engineering,Corporate,Participating in cooking challenges and competitions,Concern for others,"['Monday afternoon', 'Thursday afternoon', 'Friday morning']"
Name362,Surname362,29073481,email362@example.com,Female,International,Electrical Engineering & Computer Science,Non-profit,Watching Netflix series,Ambition and achievement,"['Thursday evening', 'Friday afternoon', 'Monday evening']"
Name363,Surname363,89357206,email363@example.com,Male,International,Mechanical Engineering,Entrepreneurship,Trying out new recipes and cooking techniques,Concern for others,"['Monday evening', 'Friday morning', 'Wednesday afternoon']"
Name364,Surname364,50168560,email364@example.com,Female,Domestic,Earth & Space Science & Engineering,Corporate,Studying foreign languages,Concern for others,"['Friday evening', 'Tuesday evening', 'Friday morning']"
Name365,Surname365,81260076,email365@example.com,Female,International,Electrical Engineering & Computer Science,Entrepreneurship,Dancing,Growth and learning,"['Thursday afternoon', 'Wednesday afternoon', 'Friday afternoon']"
Name366,Surname366,78712691,email366@example.com,Male,International,Electrical Engineering & Computer Science,Unsure,Traveling to new places,Ambition and achievement,"['Wednesday afternoon', 'Wednesday evening', 'Thursday afternoon']"
Name367,Surname367,25823132,email367@example.com,Female,International,Electrical Engineering & Computer Science,Corporate,Skiing during the winter months,Growth and learning,"['Thursday afternoon', 'Tuesday evening', 'Thursday morning']"
Name368,Surname368,60817267,email368@example.com,Other/Prefer not to say,International,Earth & Space Science & Engineering,Corporate,Cooking and gardening,Integrity,"['Monday morning', 'Thursday afternoon', 'Thursday morning']"
Name369,Surname369,87706574,email369@example.com,Other/Prefer not to say,Domestic,Electrical Engineering & Computer Science,Entrepreneurship,Studying foreign languages,Creativity,"['Monday evening', 'Tuesday evening', 'Wednesday afternoon']"
Name370,Surname370,17827987,email370@example.com,Male,International,Electrical Engineering & Computer Science,Entrepreneurship,Walking my dogs in the park,Integrity,"['Monday afternoon', 'Tuesday morning', 'Thursday evening']"
Name371,Surname371,46350785,email371@example.com,Male,International,Civil Engineering,Research,Listening to music,Integrity,"['Tuesday morning', 'Tuesday evening', 'Thursday morning']"
Name372,Surname372,36107210,email372@example.com,Male,International,Electrical Engineering & Computer Science,Entrepreneurship,I don’t really have any hobbies,Collaboration and teamwork,"['Friday afternoon', 'Friday morning', 'Monday afternoon']"
Name373,Surname373,76091886,email373@example.com,Female,International,Electrical Engineering & Computer Science,Corporate,Participating in community theater productions,Ambition and achievement,"['Thursday morning', 'Thursday evening', 'Friday evening']"
Name374,Surname374,99520565,email374@example.com,Male,Domestic,Civil Engineering,Corporate,Knitting scarves and sweaters,Growth and learning,"['Tuesday morning', 'Friday evening', 'Wednesday morning']"
Name375,Surname375,99378688,email375@example.com,Female,Domestic,Mechanical Engineering,Non-profit,Collecting stamps from different countries,Collaboration and teamwork,"['Tuesday afternoon', 'Friday evening', 'Thursday evening']"
Name376,Surname376,74088903,email376@example.com,Male,International,Civil Engineering,Unsure,Learning about historical events and figures,Ambition and achievement,"['Tuesday morning', 'Wednesday afternoon', 'Friday morning']"
Name377,Surname377,19520293,email377@example.com,Male,Domestic,Earth & Space Science & Engineering,Unsure,I enjoy playing computer games and going for runs,Creativity,"['Monday morning', 'Tuesday morning', 'Thursday evening']"
Name378,Surname378,66702473,email378@example.com,Other/Prefer not to say,International,Electrical Engineering & Computer Science,Corporate,Participating in community events and activities,Collaboration and teamwork,"['Wednesday afternoon', 'Monday morning', 'Tuesday afternoon']"
Name379,Surname379,82288668,email379@example.com,Male,Domestic,Electrical Engineering & Computer Science,Unsure,Going to live music concerts,Preference for novelty,"['Monday morning', 'Wednesday morning', 'Thursday evening']"
Name380,Surname380,12526158,email380@example.com,Male,Domestic,Mechanical Engineering,Corporate,Solving crossword puzzles for fun,Concern for others,"['Thursday afternoon', 'Tuesday evening', 'Wednesday afternoon']"
Name381,Surname381,83087698,email381@example.com,Male,International,Civil Engineering,Research,Exploring nature trails and enjoying the outdoors,Integrity,"['Tuesday morning', 'Wednesday morning', 'Monday afternoon']"
Name382,Surname382,21446761,email382@example.com,Other/Prefer not to say,International,Electrical Engineering & Computer Science,Research,Playing sports,Integrity,"['Monday evening', 'Wednesday afternoon', 'Wednesday evening']"
Name383,Surname383,42726740,email383@example.com,Male,International,Earth & Space Science & Engineering,Non-profit,Joining a book club for lively discussions,Preference for novelty,"['Monday afternoon', 'Tuesday morning', 'Tuesday afternoon']"
Name384,Surname384,82691688,email384@example.com,Male,International,Civil Engineering,Entrepreneurship,Solving crossword puzzles for fun,Concern for others,"['Tuesday afternoon', 'Wednesday evening', 'Wednesday afternoon']"
Name385,Surname385,32684940,email385@example.com,Male,Domestic,Civil Engineering,Corporate,Engaging in outdoor adventures like kayaking,Integrity,"['Tuesday evening', 'Wednesday afternoon', 'Friday afternoon']"
Name386,Surname386,40419581,email386@example.com,Male,Domestic,Electrical Engineering & Computer Science,Non-profit,Dancing,Creativity,"['Thursday afternoon', 'Wednesday evening', 'Monday afternoon']"
Name387,Surname387,24326473,email387@example.com,Male,Domestic,Civil Engineering,Corporate,Playing chess,Ambition and achievement,"['Wednesday afternoon', 'Wednesday evening', 'Friday morning']"
Name388,Surname388,32927076,email388@example.com,Male,Domestic,Earth & Space Science & Engineering,Unsure,Engaging in team sports like soccer and basketball,Integrity,"['Friday morning', 'Thursday afternoon', 'Wednesday morning']"
Name389,Surname389,20293916,email389@example.com,Female,International,Electrical Engineering & Computer Science,Research,Playing computer games,Concern for others,"['Monday morning', 'Monday evening', 'Thursday afternoon']"
Name390,Surname390,28307134,email390@example.com,Other/Prefer not to say,Domestic,Electrical Engineering & Computer Science,Unsure,Trying out new sports activities and challenges,Integrity,"['Friday afternoon', 'Monday morning', 'Friday morning']"
Name391,Surname391,21097793,email391@example.com,Male,Domestic,Earth & Space Science & Engineering,Corporate,Learning to cook gourmet dishes at home,Integrity,"['Thursday afternoon', 'Tuesday morning', 'Wednesday afternoon']"
Name392,Surname392,61703175,email392@example.com,Other/Prefer not to say,International,Electrical Engineering & Computer Science,Unsure,Fishing,Ambition and achievement,"['Thursday afternoon', 'Tuesday afternoon', 'Thursday morning']"
Name393,Surname393,35405997,email393@example.com,Male,Domestic,Electrical Engineering & Computer Science,Corporate,Going on photography excursions for new shots,Ambition and achievement,"['Monday afternoon', 'Monday evening', 'Tuesday evening']"
Name394,Surname394,13173275,email394@example.com,Female,Domestic,Earth & Space Science & Engineering,Corporate,I don’t really have any hobbies,Creativity,"['Friday afternoon', 'Monday afternoon', 'Tuesday evening']"
Name395,Surname395,61057132,email395@example.com,Female,International,Civil Engineering,Non-profit,Attending art exhibitions and gallery openings,Creativity,"['Wednesday morning', 'Thursday afternoon', 'Thursday evening']"
Name396,Surname396,92178405,email396@example.com,Male,Domestic,Electrical Engineering & Computer Science,Entrepreneurship,Learning about AI and machine learning,Integrity,"['Tuesday morning', 'Wednesday afternoon', 'Thursday afternoon']"
Name397,Surname397,94918201,email397@example.com,Female,International,Mechanical Engineering,Research,Coding and programming,Preference for novelty,"['Monday morning', 'Friday evening', 'Thursday evening']"
Name398,Surname398,30305782,email398@example.com,Male,Domestic,Civil Engineering,Research,Reading comics and graphic novels,Growth and learning,"['Wednesday morning', 'Monday evening', 'Thursday afternoon']"
Name399,Surname399,89340635,email399@example.com,Male,Domestic,Electrical Engineering & Computer Science,Corporate,Building DIY furniture and home projects,Integrity,"['Monday morning', 'Tuesday evening', 'Friday evening']"
